[
    {
        "pk": 1, 
        "model": "flickrsets.registeredset", 
        "fields": {
            "enabled": true, 
            "flickr_id": "72157623007721343", 
            "title": "Misc"
        }
    }, 
    {
        "pk": 2, 
        "model": "flickrsets.registeredset", 
        "fields": {
            "enabled": true, 
            "flickr_id": "72157617074848637", 
            "title": "Clouds"
        }
    }, 
    {
        "pk": 1, 
        "model": "flickrsets.person", 
        "fields": {
            "username": "gillesfabio", 
            "mobile_url": "http://m.flickr.com/photostream.gne?id=3179235", 
            "photos_count": 660, 
            "icon_server": 118, 
            "realname": "Gilles Fabio", 
            "gender": "X", 
            "photos_url": "http://www.flickr.com/photos/gillesfabio/", 
            "icon_farm": 1, 
            "flickr_id": "94238521@N00", 
            "profile_url": "http://www.flickr.com/people/gillesfabio/", 
            "location": "Saint-Laurent-du-Var, France"
        }
    }, 
    {
        "pk": 2, 
        "model": "flickrsets.photoset", 
        "fields": {
            "photos_count": 4, 
            "description": "", 
            "title": "Clouds", 
            "farm": 4, 
            "primary": 4, 
            "server": 3628, 
            "owner": 1, 
            "flickr_id": "72157617074848637"
        }
    }, 
    {
        "pk": 1, 
        "model": "flickrsets.photoset", 
        "fields": {
            "photos_count": 3, 
            "description": "", 
            "title": "Misc", 
            "farm": 5, 
            "primary": 1, 
            "server": 4032, 
            "owner": 1, 
            "flickr_id": "72157623007721343"
        }
    }, 
    {
        "pk": 12, 
        "model": "flickrsets.tag", 
        "fields": {
            "raw": "auto-portrait", 
            "name": "autoportrait", 
            "flickr_id": "3179235-4242740086-4241", 
            "author": 1
        }
    }, 
    {
        "pk": 1, 
        "model": "flickrsets.tag", 
        "fields": {
            "raw": "black", 
            "name": "black", 
            "flickr_id": "3179235-4242733600-472", 
            "author": 1
        }
    }, 
    {
        "pk": 2, 
        "model": "flickrsets.tag", 
        "fields": {
            "raw": "blanc", 
            "name": "blanc", 
            "flickr_id": "3179235-4242733600-46816", 
            "author": 1
        }
    }, 
    {
        "pk": 29, 
        "model": "flickrsets.tag", 
        "fields": {
            "raw": "blue", 
            "name": "blue", 
            "flickr_id": "3179235-3464521033-141", 
            "author": 1
        }
    }, 
    {
        "pk": 3, 
        "model": "flickrsets.tag", 
        "fields": {
            "raw": "bokeh", 
            "name": "bokeh", 
            "flickr_id": "3179235-4242733600-4796", 
            "author": 1
        }
    }, 
    {
        "pk": 19, 
        "model": "flickrsets.tag", 
        "fields": {
            "raw": "bougie", 
            "name": "bougie", 
            "flickr_id": "3179235-4242741774-107705", 
            "author": 1
        }
    }, 
    {
        "pk": 20, 
        "model": "flickrsets.tag", 
        "fields": {
            "raw": "candle", 
            "name": "candle", 
            "flickr_id": "3179235-4242741774-3641", 
            "author": 1
        }
    }, 
    {
        "pk": 27, 
        "model": "flickrsets.tag", 
        "fields": {
            "raw": "clouds", 
            "name": "clouds", 
            "flickr_id": "3179235-3464521033-1223", 
            "author": 1
        }
    }, 
    {
        "pk": 21, 
        "model": "flickrsets.tag", 
        "fields": {
            "raw": "feu", 
            "name": "feu", 
            "flickr_id": "3179235-4242741774-71759", 
            "author": 1
        }
    }, 
    {
        "pk": 22, 
        "model": "flickrsets.tag", 
        "fields": {
            "raw": "fire", 
            "name": "fire", 
            "flickr_id": "3179235-4242741774-1911", 
            "author": 1
        }
    }, 
    {
        "pk": 13, 
        "model": "flickrsets.tag", 
        "fields": {
            "raw": "gilles", 
            "name": "gilles", 
            "flickr_id": "3179235-4242740086-57799", 
            "author": 1
        }
    }, 
    {
        "pk": 23, 
        "model": "flickrsets.tag", 
        "fields": {
            "raw": "light", 
            "name": "light", 
            "flickr_id": "3179235-4242741774-216", 
            "author": 1
        }
    }, 
    {
        "pk": 24, 
        "model": "flickrsets.tag", 
        "fields": {
            "raw": "lumi", 
            "name": "lumi", 
            "flickr_id": "3179235-4242741774-37047", 
            "author": 1
        }
    }, 
    {
        "pk": 25, 
        "model": "flickrsets.tag", 
        "fields": {
            "raw": "lumire", 
            "name": "lumire", 
            "flickr_id": "3179235-4242741774-769629", 
            "author": 1
        }
    }, 
    {
        "pk": 26, 
        "model": "flickrsets.tag", 
        "fields": {
            "raw": "lumi\u00e8re", 
            "name": "lumi\u00e8re", 
            "flickr_id": "3179235-4242741774-5211", 
            "author": 1
        }
    }, 
    {
        "pk": 14, 
        "model": "flickrsets.tag", 
        "fields": {
            "raw": "mirroir", 
            "name": "mirroir", 
            "flickr_id": "3179235-4242740086-64406", 
            "author": 1
        }
    }, 
    {
        "pk": 15, 
        "model": "flickrsets.tag", 
        "fields": {
            "raw": "mirror", 
            "name": "mirror", 
            "flickr_id": "3179235-4242740086-2100", 
            "author": 1
        }
    }, 
    {
        "pk": 4, 
        "model": "flickrsets.tag", 
        "fields": {
            "raw": "mozart", 
            "name": "mozart", 
            "flickr_id": "3179235-4242733600-44656", 
            "author": 1
        }
    }, 
    {
        "pk": 5, 
        "model": "flickrsets.tag", 
        "fields": {
            "raw": "music", 
            "name": "music", 
            "flickr_id": "3179235-4242733600-326", 
            "author": 1
        }
    }, 
    {
        "pk": 6, 
        "model": "flickrsets.tag", 
        "fields": {
            "raw": "musique", 
            "name": "musique", 
            "flickr_id": "3179235-4242733600-93987", 
            "author": 1
        }
    }, 
    {
        "pk": 7, 
        "model": "flickrsets.tag", 
        "fields": {
            "raw": "noir", 
            "name": "noir", 
            "flickr_id": "3179235-4242733600-3476", 
            "author": 1
        }
    }, 
    {
        "pk": 8, 
        "model": "flickrsets.tag", 
        "fields": {
            "raw": "pink", 
            "name": "pink", 
            "flickr_id": "3179235-4242733600-136", 
            "author": 1
        }
    }, 
    {
        "pk": 16, 
        "model": "flickrsets.tag", 
        "fields": {
            "raw": "red", 
            "name": "red", 
            "flickr_id": "3179235-4242740086-227", 
            "author": 1
        }
    }, 
    {
        "pk": 9, 
        "model": "flickrsets.tag", 
        "fields": {
            "raw": "rock", 
            "name": "rock", 
            "flickr_id": "3179235-4242733600-1006", 
            "author": 1
        }
    }, 
    {
        "pk": 10, 
        "model": "flickrsets.tag", 
        "fields": {
            "raw": "rose", 
            "name": "rose", 
            "flickr_id": "3179235-4242733600-986", 
            "author": 1
        }
    }, 
    {
        "pk": 17, 
        "model": "flickrsets.tag", 
        "fields": {
            "raw": "rouge", 
            "name": "rouge", 
            "flickr_id": "3179235-4242740086-1810", 
            "author": 1
        }
    }, 
    {
        "pk": 18, 
        "model": "flickrsets.tag", 
        "fields": {
            "raw": "self-portrait", 
            "name": "selfportrait", 
            "flickr_id": "3179235-4242740086-411", 
            "author": 1
        }
    }, 
    {
        "pk": 28, 
        "model": "flickrsets.tag", 
        "fields": {
            "raw": "sky", 
            "name": "sky", 
            "flickr_id": "3179235-3464521033-282", 
            "author": 1
        }
    }, 
    {
        "pk": 11, 
        "model": "flickrsets.tag", 
        "fields": {
            "raw": "white", 
            "name": "white", 
            "flickr_id": "3179235-4242733600-395", 
            "author": 1
        }
    }, 
    {
        "pk": 3, 
        "model": "flickrsets.photo", 
        "fields": {
            "description": "", 
            "license": 0, 
            "title": "Candle", 
            "farm": 5, 
            "media": "photo", 
            "tags": [
                1, 
                19, 
                20, 
                21, 
                22, 
                23, 
                24, 
                25, 
                26, 
                7, 
                16, 
                17
            ], 
            "original_format": "jpg", 
            "server": 4010, 
            "date_updated": "2010-01-04 00:44:04", 
            "secret": "f7dd8201be", 
            "comments_count": 0, 
            "date_uploaded": "2010-01-04 00:34:17", 
            "date_taken": "2010-01-03 17:50:44", 
            "owner": 1, 
            "original_secret": "218762b130", 
            "photoset": 1, 
            "date_posted": "2010-01-04 00:34:17", 
            "flickr_id": "4242741774", 
            "views_count": 11
        }
    }, 
    {
        "pk": 4, 
        "model": "flickrsets.photo", 
        "fields": {
            "description": "", 
            "license": 0, 
            "title": "Clouds", 
            "farm": 4, 
            "media": "photo", 
            "tags": [
                29, 
                27, 
                28, 
                11
            ], 
            "original_format": "jpg", 
            "server": 3628, 
            "date_updated": "2009-04-22 11:10:33", 
            "secret": "0cf6ae77cc", 
            "comments_count": 0, 
            "date_uploaded": "2009-04-22 10:55:01", 
            "date_taken": "2009-04-17 13:43:59", 
            "owner": 1, 
            "original_secret": "24339f9314", 
            "photoset": 2, 
            "date_posted": "2009-04-22 10:55:01", 
            "flickr_id": "3464521033", 
            "views_count": 4
        }
    }, 
    {
        "pk": 5, 
        "model": "flickrsets.photo", 
        "fields": {
            "description": "", 
            "license": 0, 
            "title": "IMG_1212", 
            "farm": 3, 
            "media": "photo", 
            "tags": [
                27
            ], 
            "original_format": "jpg", 
            "server": 2594, 
            "date_updated": "2009-08-07 12:06:05", 
            "secret": "f2a3fe5286", 
            "comments_count": 0, 
            "date_uploaded": "2009-08-07 12:04:35", 
            "date_taken": "2009-05-02 18:23:49", 
            "owner": 1, 
            "original_secret": "ff17b3cfa0", 
            "photoset": 2, 
            "date_posted": "2009-08-07 12:04:35", 
            "flickr_id": "3797096597", 
            "views_count": 1
        }
    }, 
    {
        "pk": 6, 
        "model": "flickrsets.photo", 
        "fields": {
            "description": "", 
            "license": 0, 
            "title": "IMG_1228", 
            "farm": 3, 
            "media": "photo", 
            "tags": [
                27
            ], 
            "original_format": "jpg", 
            "server": 2617, 
            "date_updated": "2009-08-07 12:06:05", 
            "secret": "1a0bb4b042", 
            "comments_count": 0, 
            "date_uploaded": "2009-08-07 12:05:02", 
            "date_taken": "2009-05-02 18:26:57", 
            "owner": 1, 
            "original_secret": "560bc09806", 
            "photoset": 2, 
            "date_posted": "2009-08-07 12:05:02", 
            "flickr_id": "3797097129", 
            "views_count": 3
        }
    }, 
    {
        "pk": 7, 
        "model": "flickrsets.photo", 
        "fields": {
            "description": "", 
            "license": 0, 
            "title": "IMG_1239", 
            "farm": 3, 
            "media": "photo", 
            "tags": [
                27
            ], 
            "original_format": "jpg", 
            "server": 2618, 
            "date_updated": "2009-08-07 12:06:05", 
            "secret": "e2b9022c2e", 
            "comments_count": 0, 
            "date_uploaded": "2009-08-07 12:05:43", 
            "date_taken": "2009-05-02 18:31:49", 
            "owner": 1, 
            "original_secret": "e63e36613f", 
            "photoset": 2, 
            "date_posted": "2009-08-07 12:05:43", 
            "flickr_id": "3797915136", 
            "views_count": 3
        }
    }, 
    {
        "pk": 1, 
        "model": "flickrsets.photo", 
        "fields": {
            "description": "", 
            "license": 0, 
            "title": "Mozart Opera Rock", 
            "farm": 5, 
            "media": "photo", 
            "tags": [
                1, 
                2, 
                3, 
                4, 
                5, 
                6, 
                7, 
                8, 
                9, 
                10, 
                11
            ], 
            "original_format": "jpg", 
            "server": 4032, 
            "date_updated": "2010-06-03 07:16:00", 
            "secret": "4a3364d8a9", 
            "comments_count": 2, 
            "date_uploaded": "2010-01-04 00:31:42", 
            "date_taken": "2010-01-03 17:15:33", 
            "owner": 1, 
            "original_secret": "288ebc9494", 
            "photoset": 1, 
            "date_posted": "2010-01-04 00:31:42", 
            "flickr_id": "4242733600", 
            "views_count": 22
        }
    }, 
    {
        "pk": 2, 
        "model": "flickrsets.photo", 
        "fields": {
            "description": "", 
            "license": 0, 
            "title": "Self-portrait", 
            "farm": 3, 
            "media": "photo", 
            "tags": [
                12, 
                13, 
                14, 
                15, 
                16, 
                17, 
                18
            ], 
            "original_format": "jpg", 
            "server": 2786, 
            "date_updated": "2010-01-04 00:44:04", 
            "secret": "8dc4026bc2", 
            "comments_count": 0, 
            "date_uploaded": "2010-01-04 00:33:44", 
            "date_taken": "2010-01-03 17:45:23", 
            "owner": 1, 
            "original_secret": "3e9b32c53f", 
            "photoset": 1, 
            "date_posted": "2010-01-04 00:33:44", 
            "flickr_id": "4242740086", 
            "views_count": 11
        }
    }, 
    {
        "pk": 1, 
        "model": "flickrsets.exiftag", 
        "fields": {
            "tag_space_id": 0, 
            "photo": 1, 
            "tag_space": "ExifIFD", 
            "label": "Exposure", 
            "raw": "1/15", 
            "clean": "0.067 sec (1/15)"
        }
    }, 
    {
        "pk": 2, 
        "model": "flickrsets.exiftag", 
        "fields": {
            "tag_space_id": 0, 
            "photo": 1, 
            "tag_space": "ExifIFD", 
            "label": "Aperture", 
            "raw": "5.6", 
            "clean": "f/5.6"
        }
    }, 
    {
        "pk": 3, 
        "model": "flickrsets.exiftag", 
        "fields": {
            "tag_space_id": 0, 
            "photo": 1, 
            "tag_space": "ExifIFD", 
            "label": "Exposure Program", 
            "raw": "Aperture-priority AE", 
            "clean": null
        }
    }, 
    {
        "pk": 4, 
        "model": "flickrsets.exiftag", 
        "fields": {
            "tag_space_id": 0, 
            "photo": 1, 
            "tag_space": "ExifIFD", 
            "label": "ISO Speed", 
            "raw": "400", 
            "clean": null
        }
    }, 
    {
        "pk": 5, 
        "model": "flickrsets.exiftag", 
        "fields": {
            "tag_space_id": 0, 
            "photo": 1, 
            "tag_space": "ExifIFD", 
            "label": "ExifVersion", 
            "raw": "0221", 
            "clean": null
        }
    }, 
    {
        "pk": 6, 
        "model": "flickrsets.exiftag", 
        "fields": {
            "tag_space_id": 0, 
            "photo": 1, 
            "tag_space": "ExifIFD", 
            "label": "Date and Time (Original)", 
            "raw": "2010:01:03 17:15:33", 
            "clean": "2010:01:03 17:15:33.06+01:00"
        }
    }, 
    {
        "pk": 7, 
        "model": "flickrsets.exiftag", 
        "fields": {
            "tag_space_id": 0, 
            "photo": 1, 
            "tag_space": "ExifIFD", 
            "label": "Date and Time (Digitized)", 
            "raw": "2010:01:03 17:15:33", 
            "clean": null
        }
    }, 
    {
        "pk": 8, 
        "model": "flickrsets.exiftag", 
        "fields": {
            "tag_space_id": 0, 
            "photo": 1, 
            "tag_space": "ExifIFD", 
            "label": "ShutterSpeedValue", 
            "raw": "1/15", 
            "clean": null
        }
    }, 
    {
        "pk": 9, 
        "model": "flickrsets.exiftag", 
        "fields": {
            "tag_space_id": 0, 
            "photo": 1, 
            "tag_space": "ExifIFD", 
            "label": "ApertureValue", 
            "raw": "5.6", 
            "clean": null
        }
    }, 
    {
        "pk": 10, 
        "model": "flickrsets.exiftag", 
        "fields": {
            "tag_space_id": 0, 
            "photo": 1, 
            "tag_space": "ExifIFD", 
            "label": "Exposure Bias", 
            "raw": "0", 
            "clean": "0 EV"
        }
    }, 
    {
        "pk": 11, 
        "model": "flickrsets.exiftag", 
        "fields": {
            "tag_space_id": 0, 
            "photo": 1, 
            "tag_space": "ExifIFD", 
            "label": "Max Aperture Value", 
            "raw": "5.2", 
            "clean": null
        }
    }, 
    {
        "pk": 12, 
        "model": "flickrsets.exiftag", 
        "fields": {
            "tag_space_id": 0, 
            "photo": 1, 
            "tag_space": "ExifIFD", 
            "label": "Subject Distance", 
            "raw": "0.26 m", 
            "clean": null
        }
    }, 
    {
        "pk": 13, 
        "model": "flickrsets.exiftag", 
        "fields": {
            "tag_space_id": 0, 
            "photo": 1, 
            "tag_space": "ExifIFD", 
            "label": "Metering Mode", 
            "raw": "Spot", 
            "clean": null
        }
    }, 
    {
        "pk": 14, 
        "model": "flickrsets.exiftag", 
        "fields": {
            "tag_space_id": 0, 
            "photo": 1, 
            "tag_space": "ExifIFD", 
            "label": "Flash", 
            "raw": "On, Fired", 
            "clean": null
        }
    }, 
    {
        "pk": 15, 
        "model": "flickrsets.exiftag", 
        "fields": {
            "tag_space_id": 0, 
            "photo": 1, 
            "tag_space": "ExifIFD", 
            "label": "Focal Length", 
            "raw": "44.0 mm", 
            "clean": "44 mm"
        }
    }, 
    {
        "pk": 16, 
        "model": "flickrsets.exiftag", 
        "fields": {
            "tag_space_id": 0, 
            "photo": 1, 
            "tag_space": "ExifIFD", 
            "label": "Sub Sec Time Original", 
            "raw": "06", 
            "clean": null
        }
    }, 
    {
        "pk": 17, 
        "model": "flickrsets.exiftag", 
        "fields": {
            "tag_space_id": 0, 
            "photo": 1, 
            "tag_space": "ExifIFD", 
            "label": "Sub Sec Time Digitized", 
            "raw": "06", 
            "clean": null
        }
    }, 
    {
        "pk": 18, 
        "model": "flickrsets.exiftag", 
        "fields": {
            "tag_space_id": 0, 
            "photo": 1, 
            "tag_space": "ExifIFD", 
            "label": "Focal Plane X-Resolution", 
            "raw": "4865.603645", 
            "clean": "4865.60364464693 dpi"
        }
    }, 
    {
        "pk": 19, 
        "model": "flickrsets.exiftag", 
        "fields": {
            "tag_space_id": 0, 
            "photo": 1, 
            "tag_space": "ExifIFD", 
            "label": "Focal Plane Y-Resolution", 
            "raw": "4876.712329", 
            "clean": "4876.71232876712 dpi"
        }
    }, 
    {
        "pk": 20, 
        "model": "flickrsets.exiftag", 
        "fields": {
            "tag_space_id": 0, 
            "photo": 1, 
            "tag_space": "ExifIFD", 
            "label": "FocalPlaneResolutionUnit", 
            "raw": "inches", 
            "clean": null
        }
    }, 
    {
        "pk": 21, 
        "model": "flickrsets.exiftag", 
        "fields": {
            "tag_space_id": 0, 
            "photo": 1, 
            "tag_space": "ExifIFD", 
            "label": "Custom Rendered", 
            "raw": "Normal", 
            "clean": null
        }
    }, 
    {
        "pk": 22, 
        "model": "flickrsets.exiftag", 
        "fields": {
            "tag_space_id": 0, 
            "photo": 1, 
            "tag_space": "ExifIFD", 
            "label": "Exposure Mode", 
            "raw": "Auto", 
            "clean": null
        }
    }, 
    {
        "pk": 23, 
        "model": "flickrsets.exiftag", 
        "fields": {
            "tag_space_id": 0, 
            "photo": 1, 
            "tag_space": "ExifIFD", 
            "label": "White Balance", 
            "raw": "Manual", 
            "clean": null
        }
    }, 
    {
        "pk": 24, 
        "model": "flickrsets.exiftag", 
        "fields": {
            "tag_space_id": 0, 
            "photo": 1, 
            "tag_space": "ExifIFD", 
            "label": "Scene Capture Type", 
            "raw": "Standard", 
            "clean": null
        }
    }, 
    {
        "pk": 25, 
        "model": "flickrsets.exiftag", 
        "fields": {
            "tag_space_id": 0, 
            "photo": 1, 
            "tag_space": "IPTC", 
            "label": "ApplicationRecordVersion", 
            "raw": "2", 
            "clean": null
        }
    }, 
    {
        "pk": 26, 
        "model": "flickrsets.exiftag", 
        "fields": {
            "tag_space_id": 0, 
            "photo": 1, 
            "tag_space": "IPTC", 
            "label": "Keywords", 
            "raw": "black", 
            "clean": null
        }
    }, 
    {
        "pk": 27, 
        "model": "flickrsets.exiftag", 
        "fields": {
            "tag_space_id": 0, 
            "photo": 1, 
            "tag_space": "IPTC", 
            "label": "By-line", 
            "raw": "Gilles Fabio", 
            "clean": null
        }
    }, 
    {
        "pk": 28, 
        "model": "flickrsets.exiftag", 
        "fields": {
            "tag_space_id": 0, 
            "photo": 1, 
            "tag_space": "IPTC", 
            "label": "Copyright Notice", 
            "raw": "Gilles Fabio", 
            "clean": null
        }
    }, 
    {
        "pk": 29, 
        "model": "flickrsets.exiftag", 
        "fields": {
            "tag_space_id": 0, 
            "photo": 2, 
            "tag_space": "ExifIFD", 
            "label": "Exposure", 
            "raw": "1/4", 
            "clean": "0.25 sec (1/4)"
        }
    }, 
    {
        "pk": 30, 
        "model": "flickrsets.exiftag", 
        "fields": {
            "tag_space_id": 0, 
            "photo": 2, 
            "tag_space": "ExifIFD", 
            "label": "Aperture", 
            "raw": "5.6", 
            "clean": "f/5.6"
        }
    }, 
    {
        "pk": 31, 
        "model": "flickrsets.exiftag", 
        "fields": {
            "tag_space_id": 0, 
            "photo": 2, 
            "tag_space": "ExifIFD", 
            "label": "Exposure Program", 
            "raw": "Not Defined", 
            "clean": "Unknown (0)"
        }
    }, 
    {
        "pk": 32, 
        "model": "flickrsets.exiftag", 
        "fields": {
            "tag_space_id": 0, 
            "photo": 2, 
            "tag_space": "ExifIFD", 
            "label": "ISO Speed", 
            "raw": "800", 
            "clean": null
        }
    }, 
    {
        "pk": 33, 
        "model": "flickrsets.exiftag", 
        "fields": {
            "tag_space_id": 0, 
            "photo": 2, 
            "tag_space": "ExifIFD", 
            "label": "ExifVersion", 
            "raw": "0221", 
            "clean": null
        }
    }, 
    {
        "pk": 34, 
        "model": "flickrsets.exiftag", 
        "fields": {
            "tag_space_id": 0, 
            "photo": 2, 
            "tag_space": "ExifIFD", 
            "label": "Date and Time (Original)", 
            "raw": "2010:01:03 17:45:23", 
            "clean": "2010:01:03 17:45:23.52+01:00"
        }
    }, 
    {
        "pk": 35, 
        "model": "flickrsets.exiftag", 
        "fields": {
            "tag_space_id": 0, 
            "photo": 2, 
            "tag_space": "ExifIFD", 
            "label": "Date and Time (Digitized)", 
            "raw": "2010:01:03 17:45:23", 
            "clean": null
        }
    }, 
    {
        "pk": 36, 
        "model": "flickrsets.exiftag", 
        "fields": {
            "tag_space_id": 0, 
            "photo": 2, 
            "tag_space": "ExifIFD", 
            "label": "ShutterSpeedValue", 
            "raw": "1/4", 
            "clean": null
        }
    }, 
    {
        "pk": 37, 
        "model": "flickrsets.exiftag", 
        "fields": {
            "tag_space_id": 0, 
            "photo": 2, 
            "tag_space": "ExifIFD", 
            "label": "ApertureValue", 
            "raw": "5.6", 
            "clean": null
        }
    }, 
    {
        "pk": 38, 
        "model": "flickrsets.exiftag", 
        "fields": {
            "tag_space_id": 0, 
            "photo": 2, 
            "tag_space": "ExifIFD", 
            "label": "Exposure Bias", 
            "raw": "0", 
            "clean": "0 EV"
        }
    }, 
    {
        "pk": 39, 
        "model": "flickrsets.exiftag", 
        "fields": {
            "tag_space_id": 0, 
            "photo": 2, 
            "tag_space": "ExifIFD", 
            "label": "Max Aperture Value", 
            "raw": "5.4", 
            "clean": null
        }
    }, 
    {
        "pk": 40, 
        "model": "flickrsets.exiftag", 
        "fields": {
            "tag_space_id": 0, 
            "photo": 2, 
            "tag_space": "ExifIFD", 
            "label": "Subject Distance", 
            "raw": "0.38 m", 
            "clean": null
        }
    }, 
    {
        "pk": 41, 
        "model": "flickrsets.exiftag", 
        "fields": {
            "tag_space_id": 0, 
            "photo": 2, 
            "tag_space": "ExifIFD", 
            "label": "Metering Mode", 
            "raw": "Multi-segment", 
            "clean": null
        }
    }, 
    {
        "pk": 42, 
        "model": "flickrsets.exiftag", 
        "fields": {
            "tag_space_id": 0, 
            "photo": 2, 
            "tag_space": "ExifIFD", 
            "label": "Flash", 
            "raw": "Off, Did not fire", 
            "clean": null
        }
    }, 
    {
        "pk": 43, 
        "model": "flickrsets.exiftag", 
        "fields": {
            "tag_space_id": 0, 
            "photo": 2, 
            "tag_space": "ExifIFD", 
            "label": "Focal Length", 
            "raw": "49.0 mm", 
            "clean": "49 mm"
        }
    }, 
    {
        "pk": 44, 
        "model": "flickrsets.exiftag", 
        "fields": {
            "tag_space_id": 0, 
            "photo": 2, 
            "tag_space": "ExifIFD", 
            "label": "Sub Sec Time Original", 
            "raw": "52", 
            "clean": null
        }
    }, 
    {
        "pk": 45, 
        "model": "flickrsets.exiftag", 
        "fields": {
            "tag_space_id": 0, 
            "photo": 2, 
            "tag_space": "ExifIFD", 
            "label": "Sub Sec Time Digitized", 
            "raw": "52", 
            "clean": null
        }
    }, 
    {
        "pk": 46, 
        "model": "flickrsets.exiftag", 
        "fields": {
            "tag_space_id": 0, 
            "photo": 2, 
            "tag_space": "ExifIFD", 
            "label": "Focal Plane X-Resolution", 
            "raw": "4865.603645", 
            "clean": "4865.60364464693 dpi"
        }
    }, 
    {
        "pk": 47, 
        "model": "flickrsets.exiftag", 
        "fields": {
            "tag_space_id": 0, 
            "photo": 2, 
            "tag_space": "ExifIFD", 
            "label": "Focal Plane Y-Resolution", 
            "raw": "4876.712329", 
            "clean": "4876.71232876712 dpi"
        }
    }, 
    {
        "pk": 48, 
        "model": "flickrsets.exiftag", 
        "fields": {
            "tag_space_id": 0, 
            "photo": 2, 
            "tag_space": "ExifIFD", 
            "label": "FocalPlaneResolutionUnit", 
            "raw": "inches", 
            "clean": null
        }
    }, 
    {
        "pk": 49, 
        "model": "flickrsets.exiftag", 
        "fields": {
            "tag_space_id": 0, 
            "photo": 2, 
            "tag_space": "ExifIFD", 
            "label": "Custom Rendered", 
            "raw": "Normal", 
            "clean": null
        }
    }, 
    {
        "pk": 50, 
        "model": "flickrsets.exiftag", 
        "fields": {
            "tag_space_id": 0, 
            "photo": 2, 
            "tag_space": "ExifIFD", 
            "label": "Exposure Mode", 
            "raw": "Auto", 
            "clean": null
        }
    }, 
    {
        "pk": 51, 
        "model": "flickrsets.exiftag", 
        "fields": {
            "tag_space_id": 0, 
            "photo": 2, 
            "tag_space": "ExifIFD", 
            "label": "White Balance", 
            "raw": "Auto", 
            "clean": null
        }
    }, 
    {
        "pk": 52, 
        "model": "flickrsets.exiftag", 
        "fields": {
            "tag_space_id": 0, 
            "photo": 2, 
            "tag_space": "ExifIFD", 
            "label": "Scene Capture Type", 
            "raw": "Standard", 
            "clean": null
        }
    }, 
    {
        "pk": 53, 
        "model": "flickrsets.exiftag", 
        "fields": {
            "tag_space_id": 0, 
            "photo": 2, 
            "tag_space": "IPTC", 
            "label": "ApplicationRecordVersion", 
            "raw": "2", 
            "clean": null
        }
    }, 
    {
        "pk": 54, 
        "model": "flickrsets.exiftag", 
        "fields": {
            "tag_space_id": 0, 
            "photo": 2, 
            "tag_space": "IPTC", 
            "label": "Keywords", 
            "raw": "auto-portrait", 
            "clean": null
        }
    }, 
    {
        "pk": 55, 
        "model": "flickrsets.exiftag", 
        "fields": {
            "tag_space_id": 0, 
            "photo": 2, 
            "tag_space": "IPTC", 
            "label": "By-line", 
            "raw": "Gilles Fabio", 
            "clean": null
        }
    }, 
    {
        "pk": 56, 
        "model": "flickrsets.exiftag", 
        "fields": {
            "tag_space_id": 0, 
            "photo": 2, 
            "tag_space": "IPTC", 
            "label": "Copyright Notice", 
            "raw": "Gilles Fabio", 
            "clean": null
        }
    }, 
    {
        "pk": 57, 
        "model": "flickrsets.exiftag", 
        "fields": {
            "tag_space_id": 0, 
            "photo": 3, 
            "tag_space": "ExifIFD", 
            "label": "Exposure", 
            "raw": "1/50", 
            "clean": "0.02 sec (1/50)"
        }
    }, 
    {
        "pk": 58, 
        "model": "flickrsets.exiftag", 
        "fields": {
            "tag_space_id": 0, 
            "photo": 3, 
            "tag_space": "ExifIFD", 
            "label": "Aperture", 
            "raw": "5.6", 
            "clean": "f/5.6"
        }
    }, 
    {
        "pk": 59, 
        "model": "flickrsets.exiftag", 
        "fields": {
            "tag_space_id": 0, 
            "photo": 3, 
            "tag_space": "ExifIFD", 
            "label": "Exposure Program", 
            "raw": "Aperture-priority AE", 
            "clean": null
        }
    }, 
    {
        "pk": 60, 
        "model": "flickrsets.exiftag", 
        "fields": {
            "tag_space_id": 0, 
            "photo": 3, 
            "tag_space": "ExifIFD", 
            "label": "ISO Speed", 
            "raw": "400", 
            "clean": null
        }
    }, 
    {
        "pk": 61, 
        "model": "flickrsets.exiftag", 
        "fields": {
            "tag_space_id": 0, 
            "photo": 3, 
            "tag_space": "ExifIFD", 
            "label": "ExifVersion", 
            "raw": "0221", 
            "clean": null
        }
    }, 
    {
        "pk": 62, 
        "model": "flickrsets.exiftag", 
        "fields": {
            "tag_space_id": 0, 
            "photo": 3, 
            "tag_space": "ExifIFD", 
            "label": "Date and Time (Original)", 
            "raw": "2010:01:03 17:50:44", 
            "clean": "2010:01:03 17:50:44.65+01:00"
        }
    }, 
    {
        "pk": 63, 
        "model": "flickrsets.exiftag", 
        "fields": {
            "tag_space_id": 0, 
            "photo": 3, 
            "tag_space": "ExifIFD", 
            "label": "Date and Time (Digitized)", 
            "raw": "2010:01:03 17:50:44", 
            "clean": null
        }
    }, 
    {
        "pk": 64, 
        "model": "flickrsets.exiftag", 
        "fields": {
            "tag_space_id": 0, 
            "photo": 3, 
            "tag_space": "ExifIFD", 
            "label": "ShutterSpeedValue", 
            "raw": "1/50", 
            "clean": null
        }
    }, 
    {
        "pk": 65, 
        "model": "flickrsets.exiftag", 
        "fields": {
            "tag_space_id": 0, 
            "photo": 3, 
            "tag_space": "ExifIFD", 
            "label": "ApertureValue", 
            "raw": "5.6", 
            "clean": null
        }
    }, 
    {
        "pk": 66, 
        "model": "flickrsets.exiftag", 
        "fields": {
            "tag_space_id": 0, 
            "photo": 3, 
            "tag_space": "ExifIFD", 
            "label": "Exposure Bias", 
            "raw": "0", 
            "clean": "0 EV"
        }
    }, 
    {
        "pk": 67, 
        "model": "flickrsets.exiftag", 
        "fields": {
            "tag_space_id": 0, 
            "photo": 3, 
            "tag_space": "ExifIFD", 
            "label": "Max Aperture Value", 
            "raw": "5.7", 
            "clean": null
        }
    }, 
    {
        "pk": 68, 
        "model": "flickrsets.exiftag", 
        "fields": {
            "tag_space_id": 0, 
            "photo": 3, 
            "tag_space": "ExifIFD", 
            "label": "Subject Distance", 
            "raw": "0.52 m", 
            "clean": null
        }
    }, 
    {
        "pk": 69, 
        "model": "flickrsets.exiftag", 
        "fields": {
            "tag_space_id": 0, 
            "photo": 3, 
            "tag_space": "ExifIFD", 
            "label": "Metering Mode", 
            "raw": "Multi-segment", 
            "clean": null
        }
    }, 
    {
        "pk": 70, 
        "model": "flickrsets.exiftag", 
        "fields": {
            "tag_space_id": 0, 
            "photo": 3, 
            "tag_space": "ExifIFD", 
            "label": "Flash", 
            "raw": "Off, Did not fire", 
            "clean": null
        }
    }, 
    {
        "pk": 71, 
        "model": "flickrsets.exiftag", 
        "fields": {
            "tag_space_id": 0, 
            "photo": 3, 
            "tag_space": "ExifIFD", 
            "label": "Focal Length", 
            "raw": "50.0 mm", 
            "clean": "50 mm"
        }
    }, 
    {
        "pk": 72, 
        "model": "flickrsets.exiftag", 
        "fields": {
            "tag_space_id": 0, 
            "photo": 3, 
            "tag_space": "ExifIFD", 
            "label": "Sub Sec Time Original", 
            "raw": "65", 
            "clean": null
        }
    }, 
    {
        "pk": 73, 
        "model": "flickrsets.exiftag", 
        "fields": {
            "tag_space_id": 0, 
            "photo": 3, 
            "tag_space": "ExifIFD", 
            "label": "Sub Sec Time Digitized", 
            "raw": "65", 
            "clean": null
        }
    }, 
    {
        "pk": 74, 
        "model": "flickrsets.exiftag", 
        "fields": {
            "tag_space_id": 0, 
            "photo": 3, 
            "tag_space": "ExifIFD", 
            "label": "Focal Plane X-Resolution", 
            "raw": "4865.603645", 
            "clean": "4865.60364464693 dpi"
        }
    }, 
    {
        "pk": 75, 
        "model": "flickrsets.exiftag", 
        "fields": {
            "tag_space_id": 0, 
            "photo": 3, 
            "tag_space": "ExifIFD", 
            "label": "Focal Plane Y-Resolution", 
            "raw": "4876.712329", 
            "clean": "4876.71232876712 dpi"
        }
    }, 
    {
        "pk": 76, 
        "model": "flickrsets.exiftag", 
        "fields": {
            "tag_space_id": 0, 
            "photo": 3, 
            "tag_space": "ExifIFD", 
            "label": "FocalPlaneResolutionUnit", 
            "raw": "inches", 
            "clean": null
        }
    }, 
    {
        "pk": 77, 
        "model": "flickrsets.exiftag", 
        "fields": {
            "tag_space_id": 0, 
            "photo": 3, 
            "tag_space": "ExifIFD", 
            "label": "Custom Rendered", 
            "raw": "Normal", 
            "clean": null
        }
    }, 
    {
        "pk": 78, 
        "model": "flickrsets.exiftag", 
        "fields": {
            "tag_space_id": 0, 
            "photo": 3, 
            "tag_space": "ExifIFD", 
            "label": "Exposure Mode", 
            "raw": "Auto", 
            "clean": null
        }
    }, 
    {
        "pk": 79, 
        "model": "flickrsets.exiftag", 
        "fields": {
            "tag_space_id": 0, 
            "photo": 3, 
            "tag_space": "ExifIFD", 
            "label": "White Balance", 
            "raw": "Manual", 
            "clean": null
        }
    }, 
    {
        "pk": 80, 
        "model": "flickrsets.exiftag", 
        "fields": {
            "tag_space_id": 0, 
            "photo": 3, 
            "tag_space": "ExifIFD", 
            "label": "Scene Capture Type", 
            "raw": "Standard", 
            "clean": null
        }
    }, 
    {
        "pk": 81, 
        "model": "flickrsets.exiftag", 
        "fields": {
            "tag_space_id": 0, 
            "photo": 3, 
            "tag_space": "IPTC", 
            "label": "ApplicationRecordVersion", 
            "raw": "2", 
            "clean": null
        }
    }, 
    {
        "pk": 82, 
        "model": "flickrsets.exiftag", 
        "fields": {
            "tag_space_id": 0, 
            "photo": 3, 
            "tag_space": "IPTC", 
            "label": "Keywords", 
            "raw": "black", 
            "clean": null
        }
    }, 
    {
        "pk": 83, 
        "model": "flickrsets.exiftag", 
        "fields": {
            "tag_space_id": 0, 
            "photo": 3, 
            "tag_space": "IPTC", 
            "label": "By-line", 
            "raw": "Gilles Fabio", 
            "clean": null
        }
    }, 
    {
        "pk": 84, 
        "model": "flickrsets.exiftag", 
        "fields": {
            "tag_space_id": 0, 
            "photo": 3, 
            "tag_space": "IPTC", 
            "label": "Copyright Notice", 
            "raw": "Gilles Fabio", 
            "clean": null
        }
    }, 
    {
        "pk": 85, 
        "model": "flickrsets.exiftag", 
        "fields": {
            "tag_space_id": 0, 
            "photo": 4, 
            "tag_space": "ExifIFD", 
            "label": "Exposure", 
            "raw": "1/4000", 
            "clean": "1/4000 sec"
        }
    }, 
    {
        "pk": 86, 
        "model": "flickrsets.exiftag", 
        "fields": {
            "tag_space_id": 0, 
            "photo": 4, 
            "tag_space": "ExifIFD", 
            "label": "Aperture", 
            "raw": "5.6", 
            "clean": "f/5.6"
        }
    }, 
    {
        "pk": 87, 
        "model": "flickrsets.exiftag", 
        "fields": {
            "tag_space_id": 0, 
            "photo": 4, 
            "tag_space": "ExifIFD", 
            "label": "Exposure Program", 
            "raw": "Aperture-priority AE", 
            "clean": null
        }
    }, 
    {
        "pk": 88, 
        "model": "flickrsets.exiftag", 
        "fields": {
            "tag_space_id": 0, 
            "photo": 4, 
            "tag_space": "ExifIFD", 
            "label": "ISO Speed", 
            "raw": "200", 
            "clean": null
        }
    }, 
    {
        "pk": 89, 
        "model": "flickrsets.exiftag", 
        "fields": {
            "tag_space_id": 0, 
            "photo": 4, 
            "tag_space": "ExifIFD", 
            "label": "ExifVersion", 
            "raw": "0221", 
            "clean": null
        }
    }, 
    {
        "pk": 90, 
        "model": "flickrsets.exiftag", 
        "fields": {
            "tag_space_id": 0, 
            "photo": 4, 
            "tag_space": "ExifIFD", 
            "label": "Date and Time (Original)", 
            "raw": "2009:04:17 13:43:59", 
            "clean": null
        }
    }, 
    {
        "pk": 91, 
        "model": "flickrsets.exiftag", 
        "fields": {
            "tag_space_id": 0, 
            "photo": 4, 
            "tag_space": "ExifIFD", 
            "label": "Date and Time (Digitized)", 
            "raw": "2009:04:17 13:43:59", 
            "clean": null
        }
    }, 
    {
        "pk": 92, 
        "model": "flickrsets.exiftag", 
        "fields": {
            "tag_space_id": 0, 
            "photo": 4, 
            "tag_space": "ExifIFD", 
            "label": "ComponentsConfiguration", 
            "raw": "YCbCr", 
            "clean": null
        }
    }, 
    {
        "pk": 93, 
        "model": "flickrsets.exiftag", 
        "fields": {
            "tag_space_id": 0, 
            "photo": 4, 
            "tag_space": "ExifIFD", 
            "label": "ShutterSpeedValue", 
            "raw": "1/4096", 
            "clean": null
        }
    }, 
    {
        "pk": 94, 
        "model": "flickrsets.exiftag", 
        "fields": {
            "tag_space_id": 0, 
            "photo": 4, 
            "tag_space": "ExifIFD", 
            "label": "ApertureValue", 
            "raw": "5.7", 
            "clean": null
        }
    }, 
    {
        "pk": 95, 
        "model": "flickrsets.exiftag", 
        "fields": {
            "tag_space_id": 0, 
            "photo": 4, 
            "tag_space": "ExifIFD", 
            "label": "Exposure Bias", 
            "raw": "0", 
            "clean": "0 EV"
        }
    }, 
    {
        "pk": 96, 
        "model": "flickrsets.exiftag", 
        "fields": {
            "tag_space_id": 0, 
            "photo": 4, 
            "tag_space": "ExifIFD", 
            "label": "Metering Mode", 
            "raw": "Center-weighted average", 
            "clean": null
        }
    }, 
    {
        "pk": 97, 
        "model": "flickrsets.exiftag", 
        "fields": {
            "tag_space_id": 0, 
            "photo": 4, 
            "tag_space": "ExifIFD", 
            "label": "Flash", 
            "raw": "Off", 
            "clean": null
        }
    }, 
    {
        "pk": 98, 
        "model": "flickrsets.exiftag", 
        "fields": {
            "tag_space_id": 0, 
            "photo": 4, 
            "tag_space": "ExifIFD", 
            "label": "Focal Length", 
            "raw": "42.0 mm", 
            "clean": "42 mm"
        }
    }, 
    {
        "pk": 99, 
        "model": "flickrsets.exiftag", 
        "fields": {
            "tag_space_id": 0, 
            "photo": 4, 
            "tag_space": "ExifIFD", 
            "label": "UserComment", 
            "raw": "", 
            "clean": null
        }
    }, 
    {
        "pk": 100, 
        "model": "flickrsets.exiftag", 
        "fields": {
            "tag_space_id": 0, 
            "photo": 4, 
            "tag_space": "ExifIFD", 
            "label": "Sub Sec Time", 
            "raw": "07", 
            "clean": null
        }
    }, 
    {
        "pk": 101, 
        "model": "flickrsets.exiftag", 
        "fields": {
            "tag_space_id": 0, 
            "photo": 4, 
            "tag_space": "ExifIFD", 
            "label": "Sub Sec Time Original", 
            "raw": "07", 
            "clean": null
        }
    }, 
    {
        "pk": 102, 
        "model": "flickrsets.exiftag", 
        "fields": {
            "tag_space_id": 0, 
            "photo": 4, 
            "tag_space": "ExifIFD", 
            "label": "Sub Sec Time Digitized", 
            "raw": "07", 
            "clean": null
        }
    }, 
    {
        "pk": 103, 
        "model": "flickrsets.exiftag", 
        "fields": {
            "tag_space_id": 0, 
            "photo": 4, 
            "tag_space": "ExifIFD", 
            "label": "FlashpixVersion", 
            "raw": "0100", 
            "clean": null
        }
    }, 
    {
        "pk": 104, 
        "model": "flickrsets.exiftag", 
        "fields": {
            "tag_space_id": 0, 
            "photo": 4, 
            "tag_space": "ExifIFD", 
            "label": "Color Space", 
            "raw": "sRGB", 
            "clean": null
        }
    }, 
    {
        "pk": 105, 
        "model": "flickrsets.exiftag", 
        "fields": {
            "tag_space_id": 0, 
            "photo": 4, 
            "tag_space": "ExifIFD", 
            "label": "ExifImageWidth", 
            "raw": "4272", 
            "clean": null
        }
    }, 
    {
        "pk": 106, 
        "model": "flickrsets.exiftag", 
        "fields": {
            "tag_space_id": 0, 
            "photo": 4, 
            "tag_space": "ExifIFD", 
            "label": "ExifImageHeight", 
            "raw": "2848", 
            "clean": null
        }
    }, 
    {
        "pk": 107, 
        "model": "flickrsets.exiftag", 
        "fields": {
            "tag_space_id": 0, 
            "photo": 4, 
            "tag_space": "ExifIFD", 
            "label": "Focal Plane X-Resolution", 
            "raw": "4865.603645", 
            "clean": "4865.603645 dpi"
        }
    }, 
    {
        "pk": 108, 
        "model": "flickrsets.exiftag", 
        "fields": {
            "tag_space_id": 0, 
            "photo": 4, 
            "tag_space": "ExifIFD", 
            "label": "Focal Plane Y-Resolution", 
            "raw": "4876.712329", 
            "clean": "4876.712329 dpi"
        }
    }, 
    {
        "pk": 109, 
        "model": "flickrsets.exiftag", 
        "fields": {
            "tag_space_id": 0, 
            "photo": 4, 
            "tag_space": "ExifIFD", 
            "label": "FocalPlaneResolutionUnit", 
            "raw": "inches", 
            "clean": null
        }
    }, 
    {
        "pk": 110, 
        "model": "flickrsets.exiftag", 
        "fields": {
            "tag_space_id": 0, 
            "photo": 4, 
            "tag_space": "ExifIFD", 
            "label": "Custom Rendered", 
            "raw": "Normal", 
            "clean": null
        }
    }, 
    {
        "pk": 111, 
        "model": "flickrsets.exiftag", 
        "fields": {
            "tag_space_id": 0, 
            "photo": 4, 
            "tag_space": "ExifIFD", 
            "label": "Exposure Mode", 
            "raw": "Auto", 
            "clean": null
        }
    }, 
    {
        "pk": 112, 
        "model": "flickrsets.exiftag", 
        "fields": {
            "tag_space_id": 0, 
            "photo": 4, 
            "tag_space": "ExifIFD", 
            "label": "White Balance", 
            "raw": "Auto", 
            "clean": null
        }
    }, 
    {
        "pk": 113, 
        "model": "flickrsets.exiftag", 
        "fields": {
            "tag_space_id": 0, 
            "photo": 4, 
            "tag_space": "ExifIFD", 
            "label": "Scene Capture Type", 
            "raw": "Standard", 
            "clean": null
        }
    }, 
    {
        "pk": 114, 
        "model": "flickrsets.exiftag", 
        "fields": {
            "tag_space_id": 0, 
            "photo": 5, 
            "tag_space": "ExifIFD", 
            "label": "Exposure", 
            "raw": "1/3200", 
            "clean": "1/3200 sec"
        }
    }, 
    {
        "pk": 115, 
        "model": "flickrsets.exiftag", 
        "fields": {
            "tag_space_id": 0, 
            "photo": 5, 
            "tag_space": "ExifIFD", 
            "label": "Aperture", 
            "raw": "5.6", 
            "clean": "f/5.6"
        }
    }, 
    {
        "pk": 116, 
        "model": "flickrsets.exiftag", 
        "fields": {
            "tag_space_id": 0, 
            "photo": 5, 
            "tag_space": "ExifIFD", 
            "label": "Exposure Program", 
            "raw": "Aperture-priority AE", 
            "clean": null
        }
    }, 
    {
        "pk": 117, 
        "model": "flickrsets.exiftag", 
        "fields": {
            "tag_space_id": 0, 
            "photo": 5, 
            "tag_space": "ExifIFD", 
            "label": "ISO Speed", 
            "raw": "400", 
            "clean": null
        }
    }, 
    {
        "pk": 118, 
        "model": "flickrsets.exiftag", 
        "fields": {
            "tag_space_id": 0, 
            "photo": 5, 
            "tag_space": "ExifIFD", 
            "label": "ExifVersion", 
            "raw": "0221", 
            "clean": null
        }
    }, 
    {
        "pk": 119, 
        "model": "flickrsets.exiftag", 
        "fields": {
            "tag_space_id": 0, 
            "photo": 5, 
            "tag_space": "ExifIFD", 
            "label": "Date and Time (Original)", 
            "raw": "2009:05:02 18:23:49", 
            "clean": null
        }
    }, 
    {
        "pk": 120, 
        "model": "flickrsets.exiftag", 
        "fields": {
            "tag_space_id": 0, 
            "photo": 5, 
            "tag_space": "ExifIFD", 
            "label": "Date and Time (Digitized)", 
            "raw": "2009:05:02 18:23:49", 
            "clean": null
        }
    }, 
    {
        "pk": 121, 
        "model": "flickrsets.exiftag", 
        "fields": {
            "tag_space_id": 0, 
            "photo": 5, 
            "tag_space": "ExifIFD", 
            "label": "ComponentsConfiguration", 
            "raw": "YCbCr", 
            "clean": null
        }
    }, 
    {
        "pk": 122, 
        "model": "flickrsets.exiftag", 
        "fields": {
            "tag_space_id": 0, 
            "photo": 5, 
            "tag_space": "ExifIFD", 
            "label": "ShutterSpeedValue", 
            "raw": "1/3158", 
            "clean": null
        }
    }, 
    {
        "pk": 123, 
        "model": "flickrsets.exiftag", 
        "fields": {
            "tag_space_id": 0, 
            "photo": 5, 
            "tag_space": "ExifIFD", 
            "label": "ApertureValue", 
            "raw": "5.7", 
            "clean": null
        }
    }, 
    {
        "pk": 124, 
        "model": "flickrsets.exiftag", 
        "fields": {
            "tag_space_id": 0, 
            "photo": 5, 
            "tag_space": "ExifIFD", 
            "label": "Exposure Bias", 
            "raw": "0", 
            "clean": "0 EV"
        }
    }, 
    {
        "pk": 125, 
        "model": "flickrsets.exiftag", 
        "fields": {
            "tag_space_id": 0, 
            "photo": 5, 
            "tag_space": "ExifIFD", 
            "label": "Metering Mode", 
            "raw": "Multi-segment", 
            "clean": null
        }
    }, 
    {
        "pk": 126, 
        "model": "flickrsets.exiftag", 
        "fields": {
            "tag_space_id": 0, 
            "photo": 5, 
            "tag_space": "ExifIFD", 
            "label": "Flash", 
            "raw": "Off, Did not fire", 
            "clean": null
        }
    }, 
    {
        "pk": 127, 
        "model": "flickrsets.exiftag", 
        "fields": {
            "tag_space_id": 0, 
            "photo": 5, 
            "tag_space": "ExifIFD", 
            "label": "Focal Length", 
            "raw": "27.0 mm", 
            "clean": "27 mm"
        }
    }, 
    {
        "pk": 128, 
        "model": "flickrsets.exiftag", 
        "fields": {
            "tag_space_id": 0, 
            "photo": 5, 
            "tag_space": "ExifIFD", 
            "label": "UserComment", 
            "raw": "", 
            "clean": null
        }
    }, 
    {
        "pk": 129, 
        "model": "flickrsets.exiftag", 
        "fields": {
            "tag_space_id": 0, 
            "photo": 5, 
            "tag_space": "ExifIFD", 
            "label": "Sub Sec Time", 
            "raw": "39", 
            "clean": null
        }
    }, 
    {
        "pk": 130, 
        "model": "flickrsets.exiftag", 
        "fields": {
            "tag_space_id": 0, 
            "photo": 5, 
            "tag_space": "ExifIFD", 
            "label": "Sub Sec Time Original", 
            "raw": "39", 
            "clean": null
        }
    }, 
    {
        "pk": 131, 
        "model": "flickrsets.exiftag", 
        "fields": {
            "tag_space_id": 0, 
            "photo": 5, 
            "tag_space": "ExifIFD", 
            "label": "Sub Sec Time Digitized", 
            "raw": "39", 
            "clean": null
        }
    }, 
    {
        "pk": 132, 
        "model": "flickrsets.exiftag", 
        "fields": {
            "tag_space_id": 0, 
            "photo": 5, 
            "tag_space": "ExifIFD", 
            "label": "FlashpixVersion", 
            "raw": "0100", 
            "clean": null
        }
    }, 
    {
        "pk": 133, 
        "model": "flickrsets.exiftag", 
        "fields": {
            "tag_space_id": 0, 
            "photo": 5, 
            "tag_space": "ExifIFD", 
            "label": "Color Space", 
            "raw": "sRGB", 
            "clean": null
        }
    }, 
    {
        "pk": 134, 
        "model": "flickrsets.exiftag", 
        "fields": {
            "tag_space_id": 0, 
            "photo": 5, 
            "tag_space": "ExifIFD", 
            "label": "ExifImageWidth", 
            "raw": "4272", 
            "clean": null
        }
    }, 
    {
        "pk": 135, 
        "model": "flickrsets.exiftag", 
        "fields": {
            "tag_space_id": 0, 
            "photo": 5, 
            "tag_space": "ExifIFD", 
            "label": "ExifImageHeight", 
            "raw": "2848", 
            "clean": null
        }
    }, 
    {
        "pk": 136, 
        "model": "flickrsets.exiftag", 
        "fields": {
            "tag_space_id": 0, 
            "photo": 5, 
            "tag_space": "ExifIFD", 
            "label": "Focal Plane X-Resolution", 
            "raw": "4865.603645", 
            "clean": "4865.603645 dpi"
        }
    }, 
    {
        "pk": 137, 
        "model": "flickrsets.exiftag", 
        "fields": {
            "tag_space_id": 0, 
            "photo": 5, 
            "tag_space": "ExifIFD", 
            "label": "Focal Plane Y-Resolution", 
            "raw": "4876.712329", 
            "clean": "4876.712329 dpi"
        }
    }, 
    {
        "pk": 138, 
        "model": "flickrsets.exiftag", 
        "fields": {
            "tag_space_id": 0, 
            "photo": 5, 
            "tag_space": "ExifIFD", 
            "label": "FocalPlaneResolutionUnit", 
            "raw": "inches", 
            "clean": null
        }
    }, 
    {
        "pk": 139, 
        "model": "flickrsets.exiftag", 
        "fields": {
            "tag_space_id": 0, 
            "photo": 5, 
            "tag_space": "ExifIFD", 
            "label": "Custom Rendered", 
            "raw": "Normal", 
            "clean": null
        }
    }, 
    {
        "pk": 140, 
        "model": "flickrsets.exiftag", 
        "fields": {
            "tag_space_id": 0, 
            "photo": 5, 
            "tag_space": "ExifIFD", 
            "label": "Exposure Mode", 
            "raw": "Auto", 
            "clean": null
        }
    }, 
    {
        "pk": 141, 
        "model": "flickrsets.exiftag", 
        "fields": {
            "tag_space_id": 0, 
            "photo": 5, 
            "tag_space": "ExifIFD", 
            "label": "White Balance", 
            "raw": "Auto", 
            "clean": null
        }
    }, 
    {
        "pk": 142, 
        "model": "flickrsets.exiftag", 
        "fields": {
            "tag_space_id": 0, 
            "photo": 5, 
            "tag_space": "ExifIFD", 
            "label": "Scene Capture Type", 
            "raw": "Standard", 
            "clean": null
        }
    }, 
    {
        "pk": 143, 
        "model": "flickrsets.exiftag", 
        "fields": {
            "tag_space_id": 0, 
            "photo": 6, 
            "tag_space": "ExifIFD", 
            "label": "Exposure", 
            "raw": "1/3200", 
            "clean": "1/3200 sec"
        }
    }, 
    {
        "pk": 144, 
        "model": "flickrsets.exiftag", 
        "fields": {
            "tag_space_id": 0, 
            "photo": 6, 
            "tag_space": "ExifIFD", 
            "label": "Aperture", 
            "raw": "5.6", 
            "clean": "f/5.6"
        }
    }, 
    {
        "pk": 145, 
        "model": "flickrsets.exiftag", 
        "fields": {
            "tag_space_id": 0, 
            "photo": 6, 
            "tag_space": "ExifIFD", 
            "label": "Exposure Program", 
            "raw": "Aperture-priority AE", 
            "clean": null
        }
    }, 
    {
        "pk": 146, 
        "model": "flickrsets.exiftag", 
        "fields": {
            "tag_space_id": 0, 
            "photo": 6, 
            "tag_space": "ExifIFD", 
            "label": "ISO Speed", 
            "raw": "400", 
            "clean": null
        }
    }, 
    {
        "pk": 147, 
        "model": "flickrsets.exiftag", 
        "fields": {
            "tag_space_id": 0, 
            "photo": 6, 
            "tag_space": "ExifIFD", 
            "label": "ExifVersion", 
            "raw": "0221", 
            "clean": null
        }
    }, 
    {
        "pk": 148, 
        "model": "flickrsets.exiftag", 
        "fields": {
            "tag_space_id": 0, 
            "photo": 6, 
            "tag_space": "ExifIFD", 
            "label": "Date and Time (Original)", 
            "raw": "2009:05:02 18:26:57", 
            "clean": null
        }
    }, 
    {
        "pk": 149, 
        "model": "flickrsets.exiftag", 
        "fields": {
            "tag_space_id": 0, 
            "photo": 6, 
            "tag_space": "ExifIFD", 
            "label": "Date and Time (Digitized)", 
            "raw": "2009:05:02 18:26:57", 
            "clean": null
        }
    }, 
    {
        "pk": 150, 
        "model": "flickrsets.exiftag", 
        "fields": {
            "tag_space_id": 0, 
            "photo": 6, 
            "tag_space": "ExifIFD", 
            "label": "ComponentsConfiguration", 
            "raw": "YCbCr", 
            "clean": null
        }
    }, 
    {
        "pk": 151, 
        "model": "flickrsets.exiftag", 
        "fields": {
            "tag_space_id": 0, 
            "photo": 6, 
            "tag_space": "ExifIFD", 
            "label": "ShutterSpeedValue", 
            "raw": "1/3158", 
            "clean": null
        }
    }, 
    {
        "pk": 152, 
        "model": "flickrsets.exiftag", 
        "fields": {
            "tag_space_id": 0, 
            "photo": 6, 
            "tag_space": "ExifIFD", 
            "label": "ApertureValue", 
            "raw": "5.7", 
            "clean": null
        }
    }, 
    {
        "pk": 153, 
        "model": "flickrsets.exiftag", 
        "fields": {
            "tag_space_id": 0, 
            "photo": 6, 
            "tag_space": "ExifIFD", 
            "label": "Exposure Bias", 
            "raw": "0", 
            "clean": "0 EV"
        }
    }, 
    {
        "pk": 154, 
        "model": "flickrsets.exiftag", 
        "fields": {
            "tag_space_id": 0, 
            "photo": 6, 
            "tag_space": "ExifIFD", 
            "label": "Metering Mode", 
            "raw": "Spot", 
            "clean": null
        }
    }, 
    {
        "pk": 155, 
        "model": "flickrsets.exiftag", 
        "fields": {
            "tag_space_id": 0, 
            "photo": 6, 
            "tag_space": "ExifIFD", 
            "label": "Flash", 
            "raw": "Off, Did not fire", 
            "clean": null
        }
    }, 
    {
        "pk": 156, 
        "model": "flickrsets.exiftag", 
        "fields": {
            "tag_space_id": 0, 
            "photo": 6, 
            "tag_space": "ExifIFD", 
            "label": "Focal Length", 
            "raw": "24.0 mm", 
            "clean": "24 mm"
        }
    }, 
    {
        "pk": 157, 
        "model": "flickrsets.exiftag", 
        "fields": {
            "tag_space_id": 0, 
            "photo": 6, 
            "tag_space": "ExifIFD", 
            "label": "UserComment", 
            "raw": "", 
            "clean": null
        }
    }, 
    {
        "pk": 158, 
        "model": "flickrsets.exiftag", 
        "fields": {
            "tag_space_id": 0, 
            "photo": 6, 
            "tag_space": "ExifIFD", 
            "label": "Sub Sec Time", 
            "raw": "37", 
            "clean": null
        }
    }, 
    {
        "pk": 159, 
        "model": "flickrsets.exiftag", 
        "fields": {
            "tag_space_id": 0, 
            "photo": 6, 
            "tag_space": "ExifIFD", 
            "label": "Sub Sec Time Original", 
            "raw": "37", 
            "clean": null
        }
    }, 
    {
        "pk": 160, 
        "model": "flickrsets.exiftag", 
        "fields": {
            "tag_space_id": 0, 
            "photo": 6, 
            "tag_space": "ExifIFD", 
            "label": "Sub Sec Time Digitized", 
            "raw": "37", 
            "clean": null
        }
    }, 
    {
        "pk": 161, 
        "model": "flickrsets.exiftag", 
        "fields": {
            "tag_space_id": 0, 
            "photo": 6, 
            "tag_space": "ExifIFD", 
            "label": "FlashpixVersion", 
            "raw": "0100", 
            "clean": null
        }
    }, 
    {
        "pk": 162, 
        "model": "flickrsets.exiftag", 
        "fields": {
            "tag_space_id": 0, 
            "photo": 6, 
            "tag_space": "ExifIFD", 
            "label": "Color Space", 
            "raw": "sRGB", 
            "clean": null
        }
    }, 
    {
        "pk": 163, 
        "model": "flickrsets.exiftag", 
        "fields": {
            "tag_space_id": 0, 
            "photo": 6, 
            "tag_space": "ExifIFD", 
            "label": "ExifImageWidth", 
            "raw": "4272", 
            "clean": null
        }
    }, 
    {
        "pk": 164, 
        "model": "flickrsets.exiftag", 
        "fields": {
            "tag_space_id": 0, 
            "photo": 6, 
            "tag_space": "ExifIFD", 
            "label": "ExifImageHeight", 
            "raw": "2848", 
            "clean": null
        }
    }, 
    {
        "pk": 165, 
        "model": "flickrsets.exiftag", 
        "fields": {
            "tag_space_id": 0, 
            "photo": 6, 
            "tag_space": "ExifIFD", 
            "label": "Focal Plane X-Resolution", 
            "raw": "4865.603645", 
            "clean": "4865.603645 dpi"
        }
    }, 
    {
        "pk": 166, 
        "model": "flickrsets.exiftag", 
        "fields": {
            "tag_space_id": 0, 
            "photo": 6, 
            "tag_space": "ExifIFD", 
            "label": "Focal Plane Y-Resolution", 
            "raw": "4876.712329", 
            "clean": "4876.712329 dpi"
        }
    }, 
    {
        "pk": 167, 
        "model": "flickrsets.exiftag", 
        "fields": {
            "tag_space_id": 0, 
            "photo": 6, 
            "tag_space": "ExifIFD", 
            "label": "FocalPlaneResolutionUnit", 
            "raw": "inches", 
            "clean": null
        }
    }, 
    {
        "pk": 168, 
        "model": "flickrsets.exiftag", 
        "fields": {
            "tag_space_id": 0, 
            "photo": 6, 
            "tag_space": "ExifIFD", 
            "label": "Custom Rendered", 
            "raw": "Normal", 
            "clean": null
        }
    }, 
    {
        "pk": 169, 
        "model": "flickrsets.exiftag", 
        "fields": {
            "tag_space_id": 0, 
            "photo": 6, 
            "tag_space": "ExifIFD", 
            "label": "Exposure Mode", 
            "raw": "Auto", 
            "clean": null
        }
    }, 
    {
        "pk": 170, 
        "model": "flickrsets.exiftag", 
        "fields": {
            "tag_space_id": 0, 
            "photo": 6, 
            "tag_space": "ExifIFD", 
            "label": "White Balance", 
            "raw": "Auto", 
            "clean": null
        }
    }, 
    {
        "pk": 171, 
        "model": "flickrsets.exiftag", 
        "fields": {
            "tag_space_id": 0, 
            "photo": 6, 
            "tag_space": "ExifIFD", 
            "label": "Scene Capture Type", 
            "raw": "Standard", 
            "clean": null
        }
    }, 
    {
        "pk": 172, 
        "model": "flickrsets.exiftag", 
        "fields": {
            "tag_space_id": 0, 
            "photo": 7, 
            "tag_space": "ExifIFD", 
            "label": "Exposure", 
            "raw": "1/4000", 
            "clean": "1/4000 sec"
        }
    }, 
    {
        "pk": 173, 
        "model": "flickrsets.exiftag", 
        "fields": {
            "tag_space_id": 0, 
            "photo": 7, 
            "tag_space": "ExifIFD", 
            "label": "Aperture", 
            "raw": "5.6", 
            "clean": "f/5.6"
        }
    }, 
    {
        "pk": 174, 
        "model": "flickrsets.exiftag", 
        "fields": {
            "tag_space_id": 0, 
            "photo": 7, 
            "tag_space": "ExifIFD", 
            "label": "Exposure Program", 
            "raw": "Aperture-priority AE", 
            "clean": null
        }
    }, 
    {
        "pk": 175, 
        "model": "flickrsets.exiftag", 
        "fields": {
            "tag_space_id": 0, 
            "photo": 7, 
            "tag_space": "ExifIFD", 
            "label": "ISO Speed", 
            "raw": "400", 
            "clean": null
        }
    }, 
    {
        "pk": 176, 
        "model": "flickrsets.exiftag", 
        "fields": {
            "tag_space_id": 0, 
            "photo": 7, 
            "tag_space": "ExifIFD", 
            "label": "ExifVersion", 
            "raw": "0221", 
            "clean": null
        }
    }, 
    {
        "pk": 177, 
        "model": "flickrsets.exiftag", 
        "fields": {
            "tag_space_id": 0, 
            "photo": 7, 
            "tag_space": "ExifIFD", 
            "label": "Date and Time (Original)", 
            "raw": "2009:05:02 18:31:49", 
            "clean": null
        }
    }, 
    {
        "pk": 178, 
        "model": "flickrsets.exiftag", 
        "fields": {
            "tag_space_id": 0, 
            "photo": 7, 
            "tag_space": "ExifIFD", 
            "label": "Date and Time (Digitized)", 
            "raw": "2009:05:02 18:31:49", 
            "clean": null
        }
    }, 
    {
        "pk": 179, 
        "model": "flickrsets.exiftag", 
        "fields": {
            "tag_space_id": 0, 
            "photo": 7, 
            "tag_space": "ExifIFD", 
            "label": "ComponentsConfiguration", 
            "raw": "YCbCr", 
            "clean": null
        }
    }, 
    {
        "pk": 180, 
        "model": "flickrsets.exiftag", 
        "fields": {
            "tag_space_id": 0, 
            "photo": 7, 
            "tag_space": "ExifIFD", 
            "label": "ShutterSpeedValue", 
            "raw": "1/4096", 
            "clean": null
        }
    }, 
    {
        "pk": 181, 
        "model": "flickrsets.exiftag", 
        "fields": {
            "tag_space_id": 0, 
            "photo": 7, 
            "tag_space": "ExifIFD", 
            "label": "ApertureValue", 
            "raw": "5.7", 
            "clean": null
        }
    }, 
    {
        "pk": 182, 
        "model": "flickrsets.exiftag", 
        "fields": {
            "tag_space_id": 0, 
            "photo": 7, 
            "tag_space": "ExifIFD", 
            "label": "Exposure Bias", 
            "raw": "0", 
            "clean": "0 EV"
        }
    }, 
    {
        "pk": 183, 
        "model": "flickrsets.exiftag", 
        "fields": {
            "tag_space_id": 0, 
            "photo": 7, 
            "tag_space": "ExifIFD", 
            "label": "Metering Mode", 
            "raw": "Center-weighted average", 
            "clean": null
        }
    }, 
    {
        "pk": 184, 
        "model": "flickrsets.exiftag", 
        "fields": {
            "tag_space_id": 0, 
            "photo": 7, 
            "tag_space": "ExifIFD", 
            "label": "Flash", 
            "raw": "Off, Did not fire", 
            "clean": null
        }
    }, 
    {
        "pk": 185, 
        "model": "flickrsets.exiftag", 
        "fields": {
            "tag_space_id": 0, 
            "photo": 7, 
            "tag_space": "ExifIFD", 
            "label": "Focal Length", 
            "raw": "46.0 mm", 
            "clean": "46 mm"
        }
    }, 
    {
        "pk": 186, 
        "model": "flickrsets.exiftag", 
        "fields": {
            "tag_space_id": 0, 
            "photo": 7, 
            "tag_space": "ExifIFD", 
            "label": "UserComment", 
            "raw": "", 
            "clean": null
        }
    }, 
    {
        "pk": 187, 
        "model": "flickrsets.exiftag", 
        "fields": {
            "tag_space_id": 0, 
            "photo": 7, 
            "tag_space": "ExifIFD", 
            "label": "Sub Sec Time", 
            "raw": "37", 
            "clean": null
        }
    }, 
    {
        "pk": 188, 
        "model": "flickrsets.exiftag", 
        "fields": {
            "tag_space_id": 0, 
            "photo": 7, 
            "tag_space": "ExifIFD", 
            "label": "Sub Sec Time Original", 
            "raw": "37", 
            "clean": null
        }
    }, 
    {
        "pk": 189, 
        "model": "flickrsets.exiftag", 
        "fields": {
            "tag_space_id": 0, 
            "photo": 7, 
            "tag_space": "ExifIFD", 
            "label": "Sub Sec Time Digitized", 
            "raw": "37", 
            "clean": null
        }
    }, 
    {
        "pk": 190, 
        "model": "flickrsets.exiftag", 
        "fields": {
            "tag_space_id": 0, 
            "photo": 7, 
            "tag_space": "ExifIFD", 
            "label": "FlashpixVersion", 
            "raw": "0100", 
            "clean": null
        }
    }, 
    {
        "pk": 191, 
        "model": "flickrsets.exiftag", 
        "fields": {
            "tag_space_id": 0, 
            "photo": 7, 
            "tag_space": "ExifIFD", 
            "label": "Color Space", 
            "raw": "sRGB", 
            "clean": null
        }
    }, 
    {
        "pk": 192, 
        "model": "flickrsets.exiftag", 
        "fields": {
            "tag_space_id": 0, 
            "photo": 7, 
            "tag_space": "ExifIFD", 
            "label": "ExifImageWidth", 
            "raw": "4272", 
            "clean": null
        }
    }, 
    {
        "pk": 193, 
        "model": "flickrsets.exiftag", 
        "fields": {
            "tag_space_id": 0, 
            "photo": 7, 
            "tag_space": "ExifIFD", 
            "label": "ExifImageHeight", 
            "raw": "2848", 
            "clean": null
        }
    }, 
    {
        "pk": 194, 
        "model": "flickrsets.exiftag", 
        "fields": {
            "tag_space_id": 0, 
            "photo": 7, 
            "tag_space": "ExifIFD", 
            "label": "Focal Plane X-Resolution", 
            "raw": "4865.603645", 
            "clean": "4865.603645 dpi"
        }
    }, 
    {
        "pk": 195, 
        "model": "flickrsets.exiftag", 
        "fields": {
            "tag_space_id": 0, 
            "photo": 7, 
            "tag_space": "ExifIFD", 
            "label": "Focal Plane Y-Resolution", 
            "raw": "4876.712329", 
            "clean": "4876.712329 dpi"
        }
    }, 
    {
        "pk": 196, 
        "model": "flickrsets.exiftag", 
        "fields": {
            "tag_space_id": 0, 
            "photo": 7, 
            "tag_space": "ExifIFD", 
            "label": "FocalPlaneResolutionUnit", 
            "raw": "inches", 
            "clean": null
        }
    }, 
    {
        "pk": 197, 
        "model": "flickrsets.exiftag", 
        "fields": {
            "tag_space_id": 0, 
            "photo": 7, 
            "tag_space": "ExifIFD", 
            "label": "Custom Rendered", 
            "raw": "Normal", 
            "clean": null
        }
    }, 
    {
        "pk": 198, 
        "model": "flickrsets.exiftag", 
        "fields": {
            "tag_space_id": 0, 
            "photo": 7, 
            "tag_space": "ExifIFD", 
            "label": "Exposure Mode", 
            "raw": "Auto", 
            "clean": null
        }
    }, 
    {
        "pk": 199, 
        "model": "flickrsets.exiftag", 
        "fields": {
            "tag_space_id": 0, 
            "photo": 7, 
            "tag_space": "ExifIFD", 
            "label": "White Balance", 
            "raw": "Auto", 
            "clean": null
        }
    }, 
    {
        "pk": 200, 
        "model": "flickrsets.exiftag", 
        "fields": {
            "tag_space_id": 0, 
            "photo": 7, 
            "tag_space": "ExifIFD", 
            "label": "Scene Capture Type", 
            "raw": "Standard", 
            "clean": null
        }
    }
]
