[
    {
        "pk": 1, 
        "model": "flickrsets.registeredset", 
        "fields": {
            "enabled": true, 
            "flickr_id": "72157623007721343", 
            "title": "Misc"
        }
    }, 
    {
        "pk": 2, 
        "model": "flickrsets.registeredset", 
        "fields": {
            "enabled": true, 
            "flickr_id": "72157617074848637", 
            "title": "Clouds"
        }
    }, 
    {
        "pk": 1, 
        "model": "flickrsets.person", 
        "fields": {
            "username": "gillesfabio", 
            "mobile_url": "http://m.flickr.com/photostream.gne?id=3179235", 
            "photos_count": 660, 
            "icon_server": 118, 
            "realname": "Gilles Fabio", 
            "gender": "X", 
            "photos_url": "http://www.flickr.com/photos/gillesfabio/", 
            "icon_farm": 1, 
            "flickr_id": "94238521@N00", 
            "profile_url": "http://www.flickr.com/people/gillesfabio/", 
            "location": "Saint-Laurent-du-Var, France"
        }
    }, 
    {
        "pk": 2, 
        "model": "flickrsets.photoset", 
        "fields": {
            "photos_count": 4, 
            "description": "", 
            "title": "Clouds", 
            "farm": 4, 
            "primary": 4, 
            "server": 3628, 
            "owner": 1, 
            "flickr_id": "72157617074848637"
        }
    }, 
    {
        "pk": 1, 
        "model": "flickrsets.photoset", 
        "fields": {
            "photos_count": 3, 
            "description": "", 
            "title": "Misc", 
            "farm": 5, 
            "primary": 1, 
            "server": 4032, 
            "owner": 1, 
            "flickr_id": "72157623007721343"
        }
    }, 
    {
        "pk": 3, 
        "model": "flickrsets.photo", 
        "fields": {
            "description": "", 
            "license": 0, 
            "title": "Candle", 
            "farm": 5, 
            "media": "photo", 
            "tags": [
                1, 
                19, 
                20, 
                21, 
                22, 
                23, 
                24, 
                25, 
                26, 
                7, 
                16, 
                17
            ], 
            "_exif": "{\"Max Aperture Value\": \"5.7\", \"Flash\": \"Off, Did not fire\", \"Focal Plane X-Resolution\": \"4865.60364464693 dpi\", \"ExifVersion\": \"0221\", \"Aperture\": \"f/5.6\", \"Exposure Bias\": \"0 EV\", \"ShutterSpeedValue\": \"1/50\", \"Sub Sec Time Original\": \"65\", \"Exposure Mode\": \"Auto\", \"ApertureValue\": \"5.6\", \"ISO Speed\": \"400\", \"Scene Capture Type\": \"Standard\", \"FocalPlaneResolutionUnit\": \"inches\", \"Exposure\": \"0.02 sec (1/50)\", \"Subject Distance\": \"0.52 m\", \"Date and Time (Original)\": \"2010:01:03 17:50:44.65+01:00\", \"Focal Length\": \"50 mm\", \"White Balance\": \"Manual\", \"Copyright Notice\": \"Gilles Fabio\", \"Sub Sec Time Digitized\": \"65\", \"Date and Time (Digitized)\": \"2010:01:03 17:50:44\", \"By-line\": \"Gilles Fabio\", \"Exposure Program\": \"Aperture-priority AE\", \"Metering Mode\": \"Multi-segment\", \"Focal Plane Y-Resolution\": \"4876.71232876712 dpi\", \"Keywords\": \"black\", \"ApplicationRecordVersion\": \"2\", \"Custom Rendered\": \"Normal\"}", 
            "original_format": "jpg", 
            "server": 4010, 
            "date_updated": "2010-01-04 00:44:04", 
            "secret": "f7dd8201be", 
            "comments_count": 0, 
            "date_uploaded": "2010-01-04 00:34:17", 
            "date_taken": "2010-01-03 17:50:44", 
            "owner": 1, 
            "original_secret": "218762b130", 
            "photoset": 1, 
            "date_posted": "2010-01-04 00:34:17", 
            "flickr_id": "4242741774", 
            "views_count": 11
        }
    }, 
    {
        "pk": 4, 
        "model": "flickrsets.photo", 
        "fields": {
            "description": "", 
            "license": 0, 
            "title": "Clouds", 
            "farm": 4, 
            "media": "photo", 
            "tags": [
                29, 
                27, 
                28, 
                11
            ], 
            "_exif": "{\"Flash\": \"Off\", \"FlashpixVersion\": \"0100\", \"Focal Plane X-Resolution\": \"4865.603645 dpi\", \"ExifVersion\": \"0221\", \"Aperture\": \"f/5.6\", \"Exposure Bias\": \"0 EV\", \"Sub Sec Time\": \"07\", \"ShutterSpeedValue\": \"1/4096\", \"Sub Sec Time Original\": \"07\", \"ExifImageWidth\": \"4272\", \"Exposure Mode\": \"Auto\", \"ApertureValue\": \"5.7\", \"UserComment\": \"None\", \"Scene Capture Type\": \"Standard\", \"Sub Sec Time Digitized\": \"07\", \"Exposure\": \"1/4000 sec\", \"Date and Time (Original)\": \"2009:04:17 13:43:59\", \"Focal Length\": \"42 mm\", \"White Balance\": \"Auto\", \"ISO Speed\": \"200\", \"ComponentsConfiguration\": \"YCbCr\", \"ExifImageHeight\": \"2848\", \"FocalPlaneResolutionUnit\": \"inches\", \"Date and Time (Digitized)\": \"2009:04:17 13:43:59\", \"Exposure Program\": \"Aperture-priority AE\", \"Color Space\": \"sRGB\", \"Metering Mode\": \"Center-weighted average\", \"Focal Plane Y-Resolution\": \"4876.712329 dpi\", \"Custom Rendered\": \"Normal\"}", 
            "original_format": "jpg", 
            "server": 3628, 
            "date_updated": "2009-04-22 11:10:33", 
            "secret": "0cf6ae77cc", 
            "comments_count": 0, 
            "date_uploaded": "2009-04-22 10:55:01", 
            "date_taken": "2009-04-17 13:43:59", 
            "owner": 1, 
            "original_secret": "24339f9314", 
            "photoset": 2, 
            "date_posted": "2009-04-22 10:55:01", 
            "flickr_id": "3464521033", 
            "views_count": 4
        }
    }, 
    {
        "pk": 5, 
        "model": "flickrsets.photo", 
        "fields": {
            "description": "", 
            "license": 0, 
            "title": "IMG_1212", 
            "farm": 3, 
            "media": "photo", 
            "tags": [
                27
            ], 
            "_exif": "{\"Flash\": \"Off, Did not fire\", \"FlashpixVersion\": \"0100\", \"Focal Plane X-Resolution\": \"4865.603645 dpi\", \"ExifVersion\": \"0221\", \"Aperture\": \"f/5.6\", \"Exposure Bias\": \"0 EV\", \"Sub Sec Time\": \"39\", \"ShutterSpeedValue\": \"1/3158\", \"Sub Sec Time Original\": \"39\", \"ExifImageWidth\": \"4272\", \"Exposure Mode\": \"Auto\", \"ApertureValue\": \"5.7\", \"UserComment\": \"None\", \"Scene Capture Type\": \"Standard\", \"Sub Sec Time Digitized\": \"39\", \"Exposure\": \"1/3200 sec\", \"Date and Time (Original)\": \"2009:05:02 18:23:49\", \"Focal Length\": \"27 mm\", \"White Balance\": \"Auto\", \"ISO Speed\": \"400\", \"ComponentsConfiguration\": \"YCbCr\", \"ExifImageHeight\": \"2848\", \"FocalPlaneResolutionUnit\": \"inches\", \"Date and Time (Digitized)\": \"2009:05:02 18:23:49\", \"Exposure Program\": \"Aperture-priority AE\", \"Color Space\": \"sRGB\", \"Metering Mode\": \"Multi-segment\", \"Focal Plane Y-Resolution\": \"4876.712329 dpi\", \"Custom Rendered\": \"Normal\"}", 
            "original_format": "jpg", 
            "server": 2594, 
            "date_updated": "2009-08-07 12:06:05", 
            "secret": "f2a3fe5286", 
            "comments_count": 0, 
            "date_uploaded": "2009-08-07 12:04:35", 
            "date_taken": "2009-05-02 18:23:49", 
            "owner": 1, 
            "original_secret": "ff17b3cfa0", 
            "photoset": 2, 
            "date_posted": "2009-08-07 12:04:35", 
            "flickr_id": "3797096597", 
            "views_count": 1
        }
    }, 
    {
        "pk": 6, 
        "model": "flickrsets.photo", 
        "fields": {
            "description": "", 
            "license": 0, 
            "title": "IMG_1228", 
            "farm": 3, 
            "media": "photo", 
            "tags": [
                27
            ], 
            "_exif": "{\"Flash\": \"Off, Did not fire\", \"FlashpixVersion\": \"0100\", \"Focal Plane X-Resolution\": \"4865.603645 dpi\", \"ExifVersion\": \"0221\", \"Aperture\": \"f/5.6\", \"Exposure Bias\": \"0 EV\", \"Sub Sec Time\": \"37\", \"ShutterSpeedValue\": \"1/3158\", \"Sub Sec Time Original\": \"37\", \"ExifImageWidth\": \"4272\", \"Exposure Mode\": \"Auto\", \"ApertureValue\": \"5.7\", \"UserComment\": \"None\", \"Scene Capture Type\": \"Standard\", \"Sub Sec Time Digitized\": \"37\", \"Exposure\": \"1/3200 sec\", \"Date and Time (Original)\": \"2009:05:02 18:26:57\", \"Focal Length\": \"24 mm\", \"White Balance\": \"Auto\", \"ISO Speed\": \"400\", \"ComponentsConfiguration\": \"YCbCr\", \"ExifImageHeight\": \"2848\", \"FocalPlaneResolutionUnit\": \"inches\", \"Date and Time (Digitized)\": \"2009:05:02 18:26:57\", \"Exposure Program\": \"Aperture-priority AE\", \"Color Space\": \"sRGB\", \"Metering Mode\": \"Spot\", \"Focal Plane Y-Resolution\": \"4876.712329 dpi\", \"Custom Rendered\": \"Normal\"}", 
            "original_format": "jpg", 
            "server": 2617, 
            "date_updated": "2009-08-07 12:06:05", 
            "secret": "1a0bb4b042", 
            "comments_count": 0, 
            "date_uploaded": "2009-08-07 12:05:02", 
            "date_taken": "2009-05-02 18:26:57", 
            "owner": 1, 
            "original_secret": "560bc09806", 
            "photoset": 2, 
            "date_posted": "2009-08-07 12:05:02", 
            "flickr_id": "3797097129", 
            "views_count": 3
        }
    }, 
    {
        "pk": 7, 
        "model": "flickrsets.photo", 
        "fields": {
            "description": "", 
            "license": 0, 
            "title": "IMG_1239", 
            "farm": 3, 
            "media": "photo", 
            "tags": [
                27
            ], 
            "_exif": "{\"Flash\": \"Off, Did not fire\", \"FlashpixVersion\": \"0100\", \"Focal Plane X-Resolution\": \"4865.603645 dpi\", \"ExifVersion\": \"0221\", \"Aperture\": \"f/5.6\", \"Exposure Bias\": \"0 EV\", \"Sub Sec Time\": \"37\", \"ShutterSpeedValue\": \"1/4096\", \"Sub Sec Time Original\": \"37\", \"ExifImageWidth\": \"4272\", \"Exposure Mode\": \"Auto\", \"ApertureValue\": \"5.7\", \"UserComment\": \"None\", \"Scene Capture Type\": \"Standard\", \"Sub Sec Time Digitized\": \"37\", \"Exposure\": \"1/4000 sec\", \"Date and Time (Original)\": \"2009:05:02 18:31:49\", \"Focal Length\": \"46 mm\", \"White Balance\": \"Auto\", \"ISO Speed\": \"400\", \"ComponentsConfiguration\": \"YCbCr\", \"ExifImageHeight\": \"2848\", \"FocalPlaneResolutionUnit\": \"inches\", \"Date and Time (Digitized)\": \"2009:05:02 18:31:49\", \"Exposure Program\": \"Aperture-priority AE\", \"Color Space\": \"sRGB\", \"Metering Mode\": \"Center-weighted average\", \"Focal Plane Y-Resolution\": \"4876.712329 dpi\", \"Custom Rendered\": \"Normal\"}", 
            "original_format": "jpg", 
            "server": 2618, 
            "date_updated": "2009-08-07 12:06:05", 
            "secret": "e2b9022c2e", 
            "comments_count": 0, 
            "date_uploaded": "2009-08-07 12:05:43", 
            "date_taken": "2009-05-02 18:31:49", 
            "owner": 1, 
            "original_secret": "e63e36613f", 
            "photoset": 2, 
            "date_posted": "2009-08-07 12:05:43", 
            "flickr_id": "3797915136", 
            "views_count": 3
        }
    }, 
    {
        "pk": 1, 
        "model": "flickrsets.photo", 
        "fields": {
            "description": "", 
            "license": 0, 
            "title": "Mozart Opera Rock", 
            "farm": 5, 
            "media": "photo", 
            "tags": [
                1, 
                2, 
                3, 
                4, 
                5, 
                6, 
                7, 
                8, 
                9, 
                10, 
                11
            ], 
            "_exif": "{\"Max Aperture Value\": \"5.2\", \"Flash\": \"On, Fired\", \"Focal Plane X-Resolution\": \"4865.60364464693 dpi\", \"ExifVersion\": \"0221\", \"Aperture\": \"f/5.6\", \"Exposure Bias\": \"0 EV\", \"ShutterSpeedValue\": \"1/15\", \"Sub Sec Time Original\": \"06\", \"Exposure Mode\": \"Auto\", \"ApertureValue\": \"5.6\", \"ISO Speed\": \"400\", \"Scene Capture Type\": \"Standard\", \"FocalPlaneResolutionUnit\": \"inches\", \"Exposure\": \"0.067 sec (1/15)\", \"Subject Distance\": \"0.26 m\", \"Date and Time (Original)\": \"2010:01:03 17:15:33.06+01:00\", \"Focal Length\": \"44 mm\", \"White Balance\": \"Manual\", \"Copyright Notice\": \"Gilles Fabio\", \"Sub Sec Time Digitized\": \"06\", \"Date and Time (Digitized)\": \"2010:01:03 17:15:33\", \"By-line\": \"Gilles Fabio\", \"Exposure Program\": \"Aperture-priority AE\", \"Metering Mode\": \"Spot\", \"Focal Plane Y-Resolution\": \"4876.71232876712 dpi\", \"Keywords\": \"black\", \"ApplicationRecordVersion\": \"2\", \"Custom Rendered\": \"Normal\"}", 
            "original_format": "jpg", 
            "server": 4032, 
            "date_updated": "2010-06-03 07:16:00", 
            "secret": "4a3364d8a9", 
            "comments_count": 2, 
            "date_uploaded": "2010-01-04 00:31:42", 
            "date_taken": "2010-01-03 17:15:33", 
            "owner": 1, 
            "original_secret": "288ebc9494", 
            "photoset": 1, 
            "date_posted": "2010-01-04 00:31:42", 
            "flickr_id": "4242733600", 
            "views_count": 22
        }
    }, 
    {
        "pk": 2, 
        "model": "flickrsets.photo", 
        "fields": {
            "description": "", 
            "license": 0, 
            "title": "Self-portrait", 
            "farm": 3, 
            "media": "photo", 
            "tags": [
                12, 
                13, 
                14, 
                15, 
                16, 
                17, 
                18
            ], 
            "_exif": "{\"Max Aperture Value\": \"5.4\", \"Flash\": \"Off, Did not fire\", \"Focal Plane X-Resolution\": \"4865.60364464693 dpi\", \"ExifVersion\": \"0221\", \"Aperture\": \"f/5.6\", \"Exposure Bias\": \"0 EV\", \"ShutterSpeedValue\": \"1/4\", \"Sub Sec Time Original\": \"52\", \"Exposure Mode\": \"Auto\", \"ApertureValue\": \"5.6\", \"ISO Speed\": \"800\", \"Scene Capture Type\": \"Standard\", \"FocalPlaneResolutionUnit\": \"inches\", \"Exposure\": \"0.25 sec (1/4)\", \"Subject Distance\": \"0.38 m\", \"Date and Time (Original)\": \"2010:01:03 17:45:23.52+01:00\", \"Focal Length\": \"49 mm\", \"White Balance\": \"Auto\", \"Copyright Notice\": \"Gilles Fabio\", \"Sub Sec Time Digitized\": \"52\", \"Date and Time (Digitized)\": \"2010:01:03 17:45:23\", \"By-line\": \"Gilles Fabio\", \"Exposure Program\": \"Unknown (0)\", \"Metering Mode\": \"Multi-segment\", \"Focal Plane Y-Resolution\": \"4876.71232876712 dpi\", \"Keywords\": \"auto-portrait\", \"ApplicationRecordVersion\": \"2\", \"Custom Rendered\": \"Normal\"}", 
            "original_format": "jpg", 
            "server": 2786, 
            "date_updated": "2010-01-04 00:44:04", 
            "secret": "8dc4026bc2", 
            "comments_count": 0, 
            "date_uploaded": "2010-01-04 00:33:44", 
            "date_taken": "2010-01-03 17:45:23", 
            "owner": 1, 
            "original_secret": "3e9b32c53f", 
            "photoset": 1, 
            "date_posted": "2010-01-04 00:33:44", 
            "flickr_id": "4242740086", 
            "views_count": 11
        }
    }, 
    {
        "pk": 12, 
        "model": "flickrsets.tag", 
        "fields": {
            "raw": "auto-portrait", 
            "name": "autoportrait", 
            "flickr_id": "3179235-4242740086-4241", 
            "author": 1
        }
    }, 
    {
        "pk": 1, 
        "model": "flickrsets.tag", 
        "fields": {
            "raw": "black", 
            "name": "black", 
            "flickr_id": "3179235-4242733600-472", 
            "author": 1
        }
    }, 
    {
        "pk": 2, 
        "model": "flickrsets.tag", 
        "fields": {
            "raw": "blanc", 
            "name": "blanc", 
            "flickr_id": "3179235-4242733600-46816", 
            "author": 1
        }
    }, 
    {
        "pk": 29, 
        "model": "flickrsets.tag", 
        "fields": {
            "raw": "blue", 
            "name": "blue", 
            "flickr_id": "3179235-3464521033-141", 
            "author": 1
        }
    }, 
    {
        "pk": 3, 
        "model": "flickrsets.tag", 
        "fields": {
            "raw": "bokeh", 
            "name": "bokeh", 
            "flickr_id": "3179235-4242733600-4796", 
            "author": 1
        }
    }, 
    {
        "pk": 19, 
        "model": "flickrsets.tag", 
        "fields": {
            "raw": "bougie", 
            "name": "bougie", 
            "flickr_id": "3179235-4242741774-107705", 
            "author": 1
        }
    }, 
    {
        "pk": 20, 
        "model": "flickrsets.tag", 
        "fields": {
            "raw": "candle", 
            "name": "candle", 
            "flickr_id": "3179235-4242741774-3641", 
            "author": 1
        }
    }, 
    {
        "pk": 27, 
        "model": "flickrsets.tag", 
        "fields": {
            "raw": "clouds", 
            "name": "clouds", 
            "flickr_id": "3179235-3464521033-1223", 
            "author": 1
        }
    }, 
    {
        "pk": 21, 
        "model": "flickrsets.tag", 
        "fields": {
            "raw": "feu", 
            "name": "feu", 
            "flickr_id": "3179235-4242741774-71759", 
            "author": 1
        }
    }, 
    {
        "pk": 22, 
        "model": "flickrsets.tag", 
        "fields": {
            "raw": "fire", 
            "name": "fire", 
            "flickr_id": "3179235-4242741774-1911", 
            "author": 1
        }
    }, 
    {
        "pk": 13, 
        "model": "flickrsets.tag", 
        "fields": {
            "raw": "gilles", 
            "name": "gilles", 
            "flickr_id": "3179235-4242740086-57799", 
            "author": 1
        }
    }, 
    {
        "pk": 23, 
        "model": "flickrsets.tag", 
        "fields": {
            "raw": "light", 
            "name": "light", 
            "flickr_id": "3179235-4242741774-216", 
            "author": 1
        }
    }, 
    {
        "pk": 24, 
        "model": "flickrsets.tag", 
        "fields": {
            "raw": "lumi", 
            "name": "lumi", 
            "flickr_id": "3179235-4242741774-37047", 
            "author": 1
        }
    }, 
    {
        "pk": 25, 
        "model": "flickrsets.tag", 
        "fields": {
            "raw": "lumire", 
            "name": "lumire", 
            "flickr_id": "3179235-4242741774-769629", 
            "author": 1
        }
    }, 
    {
        "pk": 26, 
        "model": "flickrsets.tag", 
        "fields": {
            "raw": "lumi\u00e8re", 
            "name": "lumi\u00e8re", 
            "flickr_id": "3179235-4242741774-5211", 
            "author": 1
        }
    }, 
    {
        "pk": 14, 
        "model": "flickrsets.tag", 
        "fields": {
            "raw": "mirroir", 
            "name": "mirroir", 
            "flickr_id": "3179235-4242740086-64406", 
            "author": 1
        }
    }, 
    {
        "pk": 15, 
        "model": "flickrsets.tag", 
        "fields": {
            "raw": "mirror", 
            "name": "mirror", 
            "flickr_id": "3179235-4242740086-2100", 
            "author": 1
        }
    }, 
    {
        "pk": 4, 
        "model": "flickrsets.tag", 
        "fields": {
            "raw": "mozart", 
            "name": "mozart", 
            "flickr_id": "3179235-4242733600-44656", 
            "author": 1
        }
    }, 
    {
        "pk": 5, 
        "model": "flickrsets.tag", 
        "fields": {
            "raw": "music", 
            "name": "music", 
            "flickr_id": "3179235-4242733600-326", 
            "author": 1
        }
    }, 
    {
        "pk": 6, 
        "model": "flickrsets.tag", 
        "fields": {
            "raw": "musique", 
            "name": "musique", 
            "flickr_id": "3179235-4242733600-93987", 
            "author": 1
        }
    }, 
    {
        "pk": 7, 
        "model": "flickrsets.tag", 
        "fields": {
            "raw": "noir", 
            "name": "noir", 
            "flickr_id": "3179235-4242733600-3476", 
            "author": 1
        }
    }, 
    {
        "pk": 8, 
        "model": "flickrsets.tag", 
        "fields": {
            "raw": "pink", 
            "name": "pink", 
            "flickr_id": "3179235-4242733600-136", 
            "author": 1
        }
    }, 
    {
        "pk": 16, 
        "model": "flickrsets.tag", 
        "fields": {
            "raw": "red", 
            "name": "red", 
            "flickr_id": "3179235-4242740086-227", 
            "author": 1
        }
    }, 
    {
        "pk": 9, 
        "model": "flickrsets.tag", 
        "fields": {
            "raw": "rock", 
            "name": "rock", 
            "flickr_id": "3179235-4242733600-1006", 
            "author": 1
        }
    }, 
    {
        "pk": 10, 
        "model": "flickrsets.tag", 
        "fields": {
            "raw": "rose", 
            "name": "rose", 
            "flickr_id": "3179235-4242733600-986", 
            "author": 1
        }
    }, 
    {
        "pk": 17, 
        "model": "flickrsets.tag", 
        "fields": {
            "raw": "rouge", 
            "name": "rouge", 
            "flickr_id": "3179235-4242740086-1810", 
            "author": 1
        }
    }, 
    {
        "pk": 18, 
        "model": "flickrsets.tag", 
        "fields": {
            "raw": "self-portrait", 
            "name": "selfportrait", 
            "flickr_id": "3179235-4242740086-411", 
            "author": 1
        }
    }, 
    {
        "pk": 28, 
        "model": "flickrsets.tag", 
        "fields": {
            "raw": "sky", 
            "name": "sky", 
            "flickr_id": "3179235-3464521033-282", 
            "author": 1
        }
    }, 
    {
        "pk": 11, 
        "model": "flickrsets.tag", 
        "fields": {
            "raw": "white", 
            "name": "white", 
            "flickr_id": "3179235-4242733600-395", 
            "author": 1
        }
    }
]
